ABB,J
ABF,J
ABR,J
AB3,J
AB4,J
AB6,J
ACD,T
ACP,T
ACT,T
AGH,T
AN4,T
AN6,T
AN7,J
APH,T
ARJ,J
ARX,J
AR1,J
AR7,J
AR8,J
ATD,T
ATP,T
ATQ,T
ATR,T
ATS,T
ATT,T
AT1,T
AT2,T
AT3,T
AT4,T
AT5,T
AT6,T
AT7,T
AT8,T
AX1,J
AX8,J
A26,T
A28,T
A30,T
A32,T
A38,T
A40,T
A7T,T
BEC,T
BEH,T
BEP,T
BES,T
BET,T
BEX,T
BE1,T
BE2,T
BE9,T
BH2,T
BNI,T
BNT,T
B11,J
B12,J
B13,J
B14,J
B15,J
B72,J
CCJ,T
CCX,T
CD2,T
CNA,T
CNC,T
CNJ,J
CNT,T
CN1,T
CN2,T
CN7,T
CRA,J
CRJ,T
CRK,J
CRV,J
CR1,T
CR2,T
CR7,J
CR9,J
CS1,J
CS2,T
CS3,J
CS5,T
CVF,T
CVR,T
CVY,T
CV2,T
CV4,T
CV5,T
CV6,T
CWC,T
C7R,J
DC3,T
DC4,T
DC6,T
DC8,J
DC9,J
DEF,T
DFL,T
DF2,T
DF3,T
DHB,T
DHC,T
DHD,T
DHH,T
DHL,T
DHO,T
DHP,T
DHR,T
DHS,T
DHT,T
DH1,T
DH2,T
DH3,T
DH4,T
DH7,T
DH8,T
DLH,J
D1B,J
D1C,J
D1E,J
D1H,J
D1L,J
D1M,J
D1W,J
D10,J
D11,J
D28,T
D3F,J
D38,T
D8A,J
D8B,J
D8L,J
D8M,J
D8Q,J
D85,J
D86,J
D87,J
D9S,J
D9T,J
D91,J
D92,J
D93,J
D94,J
D95,J
EC3,T
EMB,T
EMJ,J
EMO,J
EMP,J
EM2,T
EM3,J
EM4,J
EM7,J
EM9,J
ERD,T
ERE,J
ERJ,T
ERO,J
ERX,J
ER3,T
ER4,T
ETC,J
ETS,J
ETT,J
ETW,J
E7W,J
E70,J
E75,J
E90,J
E95,J
FAM,T
FA7,J
FDJ,J
FK7,T
FRJ,T
FR3,J
FR4,J
F1C,J
F1H,J
F10,J
F2J,J
F21,T
F22,T
F23,T
F24,T
F27,T
F28,T
F50,T
F56,J
F70,J
GRG,T
GRJ,T
GRM,T
GRS,T
G3S,J
HEC,T
HS7,T
H25,T
ILW,J
IL6,J
IL8,T
IL9,J
I14,T
I9M,J
I93,J
JET,T
JST,T
JT3,T
JT4,T
JU5,T
J31,T
J32,T
J41,T
LOE,T
LOH,J
LOM,T
LRJ,T
L1F,J
L10,J
L11,J
L15,J
L4T,T
L49,T
MBH,T
MD9,T
MIH,T
MU2,T
M1F,J
M1P,J
M11,J
M80,J
M81,J
M82,J
M83,J
M87,J
M88,J
M90,J
NDC,T
NDE,T
NDH,T
ND2,T
PAG,T
PAT,T
PA1,T
PA2,T
PL2,T
PL6,T
PN6,T
SB2,T
SDL,T
SFA,T
SFB,T
SFC,T
SFD,T
SFE,T
SFT,T
SFW,T
SFY,T
SF3,T
SHS,T
SHT,T
SH2,T
SH3,T
SH6,T
SQG,J
SQ0,J
SQ3,J
SQ7,J
SQ9,J
SSC,J
SU1,T
SU9,T
SWM,T
SX3,T
SX4,T
S20,T
S31,T
S32,T
S39,T
S56,J
S58,T
S61,T
S76,T
S8A,J
S8I,J
S8L,J
S8N,J
S8P,J
S8T,J
S8V,J
S8W,J
S80,J
S82,J
S83,J
TU3,J
TU5,J
T20,J
VCV,T
WWP,T
YK2,J
YK4,T
YN2,T
YN7,T
YS1,T
100,J
141,J
142,J
143,J
146,J
2LN,J
2LW,J
22A,J
22S,J
22W,J
223,J
31F,J
31Y,J
310,J
312,J
313,J
318,J
319,J
32A,J
32B,J
32S,J
320,J
321,J
330,J
332,J
333,J
340,J
342,J
343,J
345,J
346,J
359,J
36H,J
360,T
363,T
38D,J
38W,J
380,J
388,J
42W,T
63H,J
63S,J
64B,T
64H,J
64W,T
67T,J
7MW,J
7M8,J
7ND,J
7SW,J
7S3,J
7S8,J
70F,J
70M,J
703,J
707,J
71T,J
717,J
72A,J
72B,J
72C,J
72M,J
72S,J
72T,J
721,J
722,J
727,J
73A,J
73C,J
73E,J
73F,J
73G,J
73H,J
73J,J
73L,J
73M,J
73N,J
73Q,J
73S,J
73W,J
73X,J
731,J
732,J
733,J
734,J
735,J
736,J
737,J
738,J
739,J
74C,J
74D,J
74E,J
74F,J
74H,J
74J,J
74L,J
74M,J
74R,J
74X,J
741,J
742,J
743,J
744,J
747,J
75F,J
75L,J
75M,J
75R,J
75T,J
75W,J
752,J
753,J
757,J
76B,J
76C,J
76H,J
76S,J
76T,J
76W,J
762,J
763,J
764,J
767,J
77A,J
77F,J
77L,J
77W,J
77X,J
772,J
773,J
777,J
78W,J
787,J
788,J
789,J
8ZT,J
83G,J
83T,J